ec67f9fb-ce9a-457f-b46a-c57a41527bb4,Abdulmuti,Sultan,Abdulmuti.AbuSultan@nackademin.se
8ae09f3f-112e-4c51-a4af-19367887dd15,Adrian,Wieslander,Adrian.Wieslander@nackademin.se
a25f640a-a258-4782-b40b-1c1d6f42b53b,Amanda,Cirverius,Amanda.Cirverius@nackademin.se
c6089565-9423-4036-b33b-827d73eff843,Anton,Neander,Anton.Neander@nackademin.se
529e16e7-c5a8-42d2-98f3-f43ca9e7d241,Cesar,Montano,CesarAugusto.GuidoMontano@nackademin.se
14bd6386-8840-42c9-87ab-0f5b78a679a6,Christian,Löwendahl,Christian.Löwendahl@nackademin.se
bced99ee-81e8-4a93-b6ff-8905493a787b,Christopher,Olsson,Christopher.Olsson@nackademin.se
7fcaf62d-936a-4285-97b4-eace165d04d0,Daniel,Karlberg,Daniel.LindKarlberg@nackademin.se
7efcd291-1738-4f1a-b33e-e33bcc6266ac,Dominic,Boman,Dominic.Boman@nackademin.se
a14fb141-0d10-4838-aaee-dda64084f58d,Elmer,Kuloglija,Elmer.Kuloglija@nackademin.se
a98c974e-0d0b-4b03-affb-76234ab367f6,Fredrik,Grimmenhag,Fredrik.Grimmenhag@nackademin.se
f71bd433-f944-49c3-8c11-832b37bf0331,Gabriel,Acosta,Gabriel.AcostaEngler@nackademin.se
7aa87e21-f760-4aff-b90e-0d5dd6017013,Gustav,Hässler,Gustav.Hässler@nackademin.se
ed4e5962-056e-4336-9b71-0aef8b2b31d5,Isabell,Acosta,Isabell.AcostaEngler@nackademin.se
26800cee-b0ef-47cd-bf9c-3a9d28a860d1,Jimmy,Gustafsson,Jimmy.Gustafsson@nackademin.se
0e52e003-1331-4180-802b-3c1a7d7c5f52,Julia,Bäcks,Julia.Bäcks@nackademin.se
ed7a7ea4-185b-48f9-813b-4094fbbad85e,Kenny,Erlandsson,Kenny.Erlandsson@nackademin.se
0e3da757-1049-4303-9946-eb67e5045a26,Linus,Blom,Linus.Blom@nackademin.se
60b04a3a-f99e-4bbd-9827-2b2b48f2d08,Linus,Nilsson,Linus.Nilsson@nackademin.se
ade2575e-0d58-48ae-b00d-e3dcabecf11f,Luiz,Oliveira,Luiz.Oliveira@nackademin.se
efa34d60-f2f0-4c4b-b7bf-8c7368152489,Markus,Averheim,Markus.Averheim@nackademin.se
9b22fe72-f16f-4474-a82c-6edd4db73acb,Martina,Levin,Martina.Levin@nackademin.se
2fc8a761-453e-4e28-9057-ffc5dfd9503e,Mikael,Hallberg,Mikael.Hallberg@nackademin.se
9d910d40-d289-457e-a4bd-a648dc756cd8,Mohammed,Hussein,Mohammed.Hussein@nackademin.se
0d11f129-8a75-4670-aeb3-70518a16b6f1,Nathalie,Cirverius,Nathalie.Cirverius@nackademin.se
ac1b09c1-a1f8-45c5-a41e-19edb1000905,Nicole,Sandberg,Nicole.Sandberg@nackademin.se
c99404c0-3a5d-4fb5-8e8b-b9dd1458bd7f,Nikolay,Zinin,Nikolay.Zinin@nackademin.se
6f0bcfbe-18c7-4fd9-b114-8236dcf27473,Ola,Karlsson,Ola.Karlsson@nackademin.se
4a588783-77a1-432a-a139-95b00e7b39fe,Oswald,Broström,Oswald.Broström@nackademin.se
57a8f1aa-3fbf-48d9-9a18-f1ba41ff65d0,Patricio,Morales,Patricio.Morales@nackademin.se
c12ffa50-12a0-4483-b1c9-d0509856bfbe,Peder,Waern,Peder.Waern@nackademin.se
01a4d16b-2786-4fc7-b674-55d81cd8dcfe,Pontus,Fredriksson,Pontus.Fredriksson@nackademin.se
53792ab6-3bd0-4bee-a278-944120f1c33d,Rand,Botani,Rand.Botani@nackademin.se
afba8466-ef49-435a-a784-e28c3a57ed36,Rickard,Bernal,Rickard.Bernal@nackademin.se
c223b69d-5803-4797-b8ce-66324581b973,Robin,Granström,Robin.GranströmKäll@nackademin.se
e5b88f31-5f50-45e4-bc8e-cd3613d6bfc5,Robin,Oscarsson,Robin.Oscarsson@nackademin.se
c92475f7-2a5f-4c3c-b77f-2ca9c38c93c8,Sam,Lindley,Sam.Lindley@nackademin.se
b319aab2-42a3-4ce5-bc76-e13fca5448c1,Simon,Perez,Simon.Perez@nackademin.se
40755d5d-8310-4860-a8fa-119522abf836,Siran,Vahabzadeh,Siran.Vahabzadeh@nackademin.se
5b7f18df-7410-4bfe-872e-bb4c5f04c507,Thomas,Hansson,Thomas.Hansson@nackademin.se
0a99c305-2131-405f-a7d7-04916d802530,Vladislav,Bjakov,Vladislav.JungerstamBjakov@nackademin.se